code,industry,category,2018,2019,2020,2021,2022,2023,2024,2025
A,"Agriculture, forestry, and fishing",Agriculture,19708798,19176988,18737364,17374858,17432561,18806745,18516602,18140918
B,Mining and quarrying,Industry,246148,178693,158736,166800,179693,181497,198426,205380
C,Manufacturing,Industry,19977097,19863802,25522591,22534272,23213610,21139584,22343564,22941731
D-E,"Electricity, steam, water and waste management",Industry,1061276,1124432,1239229,1266646,1229491,1229970,1314495,1376844
F,Construction,Industry,15129235,14324717,14575660,14186003,17223742,19757593,20256826,18670110
G,Wholesale and retail trade; repair of motor vehicles and motorcycles,Services,20612961,21668655,21300422,21581253,22677794,24125124,25118439,28812668
H,Transportation and storage,Services,3323679,3712019,2218896,2153161,2609020,2910086,3266582,3491721
I,Accommodation and food service activities,Services,1698804,1968138,1081510,1102003,1448303,1704906,1925663,2032994
J,Information and communication,Services,2168824,2402877,2533723,2744117,3028497,3147811,3335423,3351382
K,Financial and insurance activities,Services,2388247,2824945,3055636,3275015,3663276,3990136,4396529,4718081
L,Real estate and ownership of dwellings,Services,4471690,4604662,4487571,4093993,4155624,4301690,4493342,4552207
M,Professional and business services,Services,653295,685932,596468,665886,710201,762763,849420,868511
N,Public administration and defense; compulsory social security,Services,3755759,4192149,4546942,4664140,4773369,5011939,5275856,5904499
P,Education,Services,6784456,7031650,6981610,8479728,9238831,9812897,10188625,11217999
Q,Human health and social work activities,Services,1655980,1791615,2027145,2297055,2481143,2644955,2912452,3230901
S,Other services,Services,1147078,1320155,377761,372898,514303,685932,733234,745278
